titulo_produto,quantidade_avaliacoes,preco,link
Bola Futebol Campo Oficial Topper Slick Amarelo,16,"R$ 62,90",https://www.magazineluiza.com.br/bola-futebol-campo-oficial-topper-slick-amarelo/p/eg403h6c7f/es/bldf/
Bola Topper Slick de Futebol de Campo,0,"R$ 50,00",https://www.magazineluiza.com.br/bola-topper-slick-de-futebol-de-campo-topper-slick-ii/p/gjgba4a86j/es/bldf/
Bola de Futebol Campo Penalty Bravo XXI,32,"R$ 79,99",https://www.magazineluiza.com.br/bola-de-futebol-campo-penalty-bravo-xxi/p/ff77407ef7/es/bldf/
Bola de Futebol Campo Adidas Copa do Mundo 2022 Al Rihla Training,3,"R$ 179,99",https://www.magazineluiza.com.br/bola-de-futebol-campo-adidas-copa-do-mundo-2022-al-rihla-training/p/gbb52hhfc5/es/bldf/
Bola de Futebol Campo Adidas Starlancer Plus,1,"R$ 89,99",https://www.magazineluiza.com.br/bola-de-futebol-campo-adidas-starlancer-plus/p/db3g2k0abj/es/bldf/
Bola de Futebol Society Topper Boleiro Oficial,1,"R$ 79,90",https://www.magazineluiza.com.br/bola-de-futebol-society-topper-boleiro-oficial/p/231682700/es/bfsc/
Bola De Futebol Couro Campo Quadra Praia Futevolei Society,7,"R$ 23,90",https://www.magazineluiza.com.br/bola-de-futebol-couro-campo-quadra-praia-futevolei-society-sky/p/jc0ca7315b/es/bfsc/
Bola de Futebol Campo Penalty Bravo XXI,15,"R$ 89,99",https://www.magazineluiza.com.br/bola-de-futebol-campo-penalty-bravo-xxi/p/gfj957992g/es/bldf/
Bola de Futebol Campo Puma Big Cat,2,"R$ 119,90",https://www.magazineluiza.com.br/bola-de-futebol-campo-puma-big-cat/p/kh9f451hae/es/bldf/
Bola Society Topper Slick Rosa,3,"R$ 62,90",https://www.magazineluiza.com.br/bola-society-topper-slick-rosa/p/bbc2560180/es/blss/
Bola De Futebol De Campo Slick Verde/Preto - Kagiva,1,"R$ 55,79",https://www.magazineluiza.com.br/bola-de-futebol-de-campo-slick-verde-preto-kagiva-topper/p/fh5f5e872c/es/bldf/
Bola de Futebol Campo Real Madrid Adidas Club,1,"R$ 79,99",https://www.magazineluiza.com.br/bola-de-futebol-campo-real-madrid-adidas-club/p/cffa25kjkb/es/bldf/
Bola de Futebol Campo Adidas Starlancer,15,"R$ 99,99",https://www.magazineluiza.com.br/bola-de-futebol-campo-adidas-starlancer/p/hc84e0djh9/es/bldf/
Bola de Futebol Adidas Al Rihla Training,0,"R$ 179,99",https://www.magazineluiza.com.br/bola-de-futebol-adidas-al-rihla-training/p/234899600/es/bldf/
Bola de Futebol Under Armour 695 Elite Match Play,0,"R$ 399,99",https://www.magazineluiza.com.br/bola-de-futebol-under-armour-695-elite-match-play/p/dd030cbfh5/es/bdfa/
Bola de Futsal Joma Furia CBFS,2,"R$ 199,99",https://www.magazineluiza.com.br/bola-de-futsal-joma-furia-cbfs/p/jhj517fka6/es/bldf/
Bola Society Topper Slick Amarela,1,"R$ 62,90",https://www.magazineluiza.com.br/bola-society-topper-slick-amarela/p/jf59h421ca/es/bfsc/
Bola de Futebol de Campo Penalty Original Bravo XXI Branca/Azul,3,"R$ 85,41",https://www.magazineluiza.com.br/bola-de-futebol-de-campo-penalty-original-bravo-xxi-branca-azul/p/kb4baf9j03/es/bldf/
Bola Dalponte 81 Futebol Prime Campo Branca,6,"R$ 119,90",https://www.magazineluiza.com.br/bola-dalponte-81-futebol-prime-campo-branca/p/cah34d610c/es/bldf/
Bola De Futebol Semi Profissional Preto E Branco - Bbr Toys,0,"R$ 25,26",https://www.magazineluiza.com.br/bola-de-futebol-semi-profissional-preto-e-branco-bbr-toys/p/aak22j04c7/es/bldf/
Bola Adidas Flamengo Campo Prata,2,"R$ 104,90",https://www.magazineluiza.com.br/bola-adidas-flamengo-campo-prata/p/gac03596cf/es/bldf/
Bola De Futebol Society Topper Slick Cup,1,"R$ 84,80",https://www.magazineluiza.com.br/bola-de-futebol-society-topper-slick-cup/p/fc7d3855e7/es/bfsc/
Bola De Futebol De Campo Infantil costurada,1,"R$ 26,99",https://www.magazineluiza.com.br/bola-de-futebol-de-campo-infantil-costurada-dne/p/gd68de4ab4/es/bldf/
Bola Kagiva Slick Oficial Futebol Society Original Bola para Society,1,"R$ 59,90",https://www.magazineluiza.com.br/bola-kagiva-slick-oficial-futebol-society-original-bola-para-society-topper/p/kacjach7ed/es/bfsc/
Bola de Futebol Penalty Bravo Campo Azul,1,"R$ 87,29",https://www.magazineluiza.com.br/bola-de-futebol-penalty-bravo-campo-azul/p/kddj8d6kca/es/bldf/
Bola de Futebol Campo Adidas Copa do Mundo 2022 Al Rihla Club,0,"R$ 149,99",https://www.magazineluiza.com.br/bola-de-futebol-campo-adidas-copa-do-mundo-2022-al-rihla-club/p/jej64ggdj4/es/bldf/
Chá Revelação Bola Futebol (Champions League ou Tradicional),1,"R$ 90,00",https://www.magazineluiza.com.br/cha-revelacao-bola-futebol-champions-league-ou-tradicional-artesanatos-e-chocolate/p/ebk6cj91hk/es/bldf/
Bola de Futebol de Campo Topper Slick 22 TechFusion,2,"R$ 104,50",https://www.magazineluiza.com.br/bola-de-futebol-de-campo-topper-slick-22-techfusion/p/ea210e6709/es/bldf/
Bola Futebol Americano Penalty VIII,0,"R$ 129,99",https://www.magazineluiza.com.br/bola-futebol-americano-penalty-viii/p/ka993j1436/es/bdfa/
Bola de Futebol Campo Adidas Epp II Club,1,"R$ 89,99",https://www.magazineluiza.com.br/bola-de-futebol-campo-adidas-epp-ii-club/p/fe5jcg75a6/es/bldf/
Bola de Futebol Campo Grêmio Umbro Neo Pivot,1,"R$ 69,99",https://www.magazineluiza.com.br/bola-de-futebol-campo-gremio-umbro-neo-pivot/p/bbek04b92c/es/bldf/
Bola de Futebol de Campo Penalty S11 R2 XXII,1,"R$ 116,91",https://www.magazineluiza.com.br/bola-de-futebol-de-campo-penalty-s11-r2-xxii/p/jk49771ceg/es/bldf/
Bola Dalponte 81 New Campo Microfibra Costurada a Mão,2,"R$ 116,21",https://www.magazineluiza.com.br/bola-dalponte-81-new-campo-microfibra-costurada-a-mao/p/hj7k1e78dg/es/bldf/
Bola De Futebol Society Topper Slick Cup,1,"R$ 84,80",https://www.magazineluiza.com.br/bola-de-futebol-society-topper-slick-cup/p/dec50cc596/es/bfsc/
Bola de Futebol Society Topper Slick 2021 Oficial,1,"R$ 79,99",https://www.magazineluiza.com.br/bola-de-futebol-society-topper-slick-2021-oficial/p/ad4jd0fb1d/es/bfsc/
Bola Futebol Americano Penalty VIII,0,"R$ 129,99",https://www.magazineluiza.com.br/bola-futebol-americano-penalty-viii/p/kh2jkkjj39/es/bdfa/
Bola de Futebol Campo Topper Slick 2020 Azul e Preto,1,"R$ 63,90",https://www.magazineluiza.com.br/bola-de-futebol-campo-topper-slick-2020-azul-e-preto/p/cg3jf9j2c9/es/bldf/
Bola Futebol Americano Penalty VIII,0,"R$ 129,99",https://www.magazineluiza.com.br/bola-futebol-americano-penalty-viii/p/dag0dbak5f/es/bdfa/
Bola Futebol Campo Topper Slick Mais Inflador,1,"R$ 98,99",https://www.magazineluiza.com.br/bola-futebol-campo-topper-slick-mais-inflador/p/fd2db43djd/es/bldf/
Bola Futebol Mikasa Inspecionada pela FIFA Futevôlei,2,"R$ 229,99",https://www.magazineluiza.com.br/bola-futebol-mikasa-inspecionada-pela-fifa-futevolei/p/ef5c6gagjb/es/bldf/
Bola De Futebol Campo Original Topper Esporte Soccer,2,"R$ 69,90",https://www.magazineluiza.com.br/bola-de-futebol-campo-original-topper-esporte-soccer/p/af811acjgf/es/bldf/
Bola Futebol Futvolei Evolution Magussy,1,"R$ 82,80",https://www.magazineluiza.com.br/bola-futebol-futvolei-evolution-magussy/p/ge00k1bg61/es/bldf/
Bola society penalty 8 x,4,"R$ 166,00",https://www.magazineluiza.com.br/bola-society-penalty-8-x/p/dff12g3520/es/bfsc/
Bola Futevolei Beach Soccer Topper Futebol De Areia,1,"R$ 107,99",https://www.magazineluiza.com.br/bola-futevolei-beach-soccer-topper-futebol-de-areia/p/hh9kf2a415/es/bldf/
Bola de Futebol Americano Vollo VF002,1,"R$ 69,90",https://www.magazineluiza.com.br/bola-de-futebol-americano-vollo-vf002/p/232164300/es/bdfa/
Bola Topper Samba Futebol Society TD1 Grama Sintética Thermo Fusion,1,"R$ 119,99",https://www.magazineluiza.com.br/bola-topper-samba-futebol-society-td1-grama-sintetica-thermo-fusion/p/ff96bede1h/es/bfsc/
Bola De Futebol Society Dalponte 81 Star Microfibra Costurada À Mão,1,"R$ 116,21",https://www.magazineluiza.com.br/bola-de-futebol-society-dalponte-81-star-microfibra-costurada-a-mao/p/ca3ege3b4b/es/bldf/
Bola Futebol Futsal Salão Topper Slick Original Oficial,1,"R$ 107,99",https://www.magazineluiza.com.br/bola-futebol-futsal-salao-topper-slick-original-oficial/p/hfb20cc191/es/bldf/
Bola de Futebol de campo PSG modelo Dioses Licenciada Sportcom,0,"R$ 78,99",https://www.magazineluiza.com.br/bola-de-futebol-de-campo-psg-modelo-dioses-licenciada-sportcom/p/hd12e98bfg/es/bldf/
"Bola de Futebol Camisa 10, Vinil Grosso, Lider  Lider Brinquedos",1,"R$ 23,99",https://www.magazineluiza.com.br/bola-de-futebol-camisa-10-vinil-grosso-lider-lider-brinquedos/p/kghk80hjdk/es/bldf/
Bola Futebol Adidas Tango Glider Campo,1,"R$ 99,99",https://www.magazineluiza.com.br/bola-futebol-adidas-tango-glider-campo/p/hajbc4bge2/es/bldf/
Bola De Futebol De Campo Com Guizo - JOTTPLAY,0,"R$ 171,85",https://www.magazineluiza.com.br/bola-de-futebol-de-campo-com-guizo-jottplay/p/djbc7a853d/es/bldf/
Bola Futebol Campo Samba Topper TD1 Oficial Mais Inflador,1,"R$ 130,49",https://www.magazineluiza.com.br/bola-futebol-campo-samba-topper-td1-oficial-mais-inflador/p/cd5fh98b4d/es/bldf/
Chá Revelação - Bola de Futebol Tema Tradicional,1,"R$ 80,00",https://www.magazineluiza.com.br/cha-revelacao-bola-de-futebol-tema-tradicional-artesanatos-e-chocolate/p/jg8jde824a/es/bldf/
Bola De Futebol Topper Slick Oficial Fut Campo Padrão Fifa,2,"R$ 68,90",https://www.magazineluiza.com.br/bola-de-futebol-topper-slick-oficial-fut-campo-padrao-fifa/p/be8h37bgfg/es/bldf/
Bola de Futebol Campo Adidas EPP II Club,5,"R$ 89,99",https://www.magazineluiza.com.br/bola-de-futebol-campo-adidas-epp-ii-club/p/fdd8k4341b/es/bldf/
Bola de Futebol Society Penalty Lider,1,"R$ 119,99",https://www.magazineluiza.com.br/bola-de-futebol-society-penalty-lider/p/fd0cg5fbjc/es/bfsc/
Bola de Futebol Campo Umbro Neo X Swerve,1,"R$ 149,99",https://www.magazineluiza.com.br/bola-de-futebol-campo-umbro-neo-x-swerve/p/cc5afje0ed/es/bldf/
Estojo bola de futebol - seanite,1,"R$ 59,40",https://www.magazineluiza.com.br/estojo-bola-de-futebol-seanite-tween/p/dh4acja1e1/pa/pesj/
Bola de Futebol Campo costura reforçada nº 5 Amarela - Redstar,1,"R$ 49,99",https://www.magazineluiza.com.br/bola-de-futebol-campo-costura-reforcada-no-5-amarela-redstar/p/kkd979ah70/es/bldf/
